category_name,avg_category_rating,year_month,label
"""Books""",3.4999999999999996,1996.11,Top 1
"""Books""",4.7222222222222223,1996.12,Top 1
"""Books""",4.5,1996.5,Top 1
"""Books""",3.666666666666667,1996.6,Top 1
"""Books""",5.0,1996.8,Top 1
"""Books""",5.0,1996.9,Top 1
"""Books""",4.4999999999999991,1997.1,Top 1
"""CDs & Vinyl""",5.0,1997.10,Top 1
"""Pop""",5.0,1997.10,Top 2
"""Rock""",5.0,1997.10,Top 3
"""Metal""",5.0,1997.10,Top 4
"""Singer-Songwriters""",5.0,1997.10,Top 5
"""CDs & Vinyl""",5.0,1997.11,Top 1
"""Pop""",5.0,1997.11,Top 2
"""Rock""",5.0,1997.11,Top 3
"""Adult Contemporary""",5.0,1997.11,Top 4
"""Metal""",5.0,1997.11,Top 5
"""Musicals""",5.0,1997.12,Top 1
"""Soundtracks""",5.0,1997.12,Top 2
"""Vocal Pop""",5.0,1997.12,Top 3
"""Christian""",5.0,1997.12,Top 4
"""Movie Soundtracks""",5.0,1997.12,Top 5
"""Books""",4.5,1997.2,Top 1
"""Books""",4.1666666666666661,1997.3,Top 1
"""Books""",4.25,1997.4,Top 1
"""Books""",4.6499999999999986,1997.5,Top 1
"""Books""",4.3750000000000009,1997.6,Top 1
"""Books""",4.2857142857142856,1997.7,Top 1
"""Pop""",5.0,1997.8,Top 1
"""CDs & Vinyl""",5.0,1997.8,Top 2
"""Dance Pop""",5.0,1997.8,Top 3
"""Classic Country""",5.0,1997.8,Top 4
"""Western Swing""",5.0,1997.8,Top 5
"""CDs & Vinyl""",5.0,1997.9,Top 1
"""Rock""",5.0,1997.9,Top 2
"""Pop""",5.0,1997.9,Top 3
"""World Music""",5.0,1997.9,Top 4
"""Pop & Contemporary""",5.0,1997.9,Top 5
"""Britpop""",5.0,1998.1,Top 1
"""Adult Alternative""",5.0,1998.1,Top 2
"""British Alternative""",5.0,1998.1,Top 3
"""Movie Soundtracks""",5.0,1998.1,Top 4
"""Traditional Pop""",5.0,1998.1,Top 5
"""Ireland""",5.0,1998.10,Top 1
"""Irish Folk""",5.0,1998.10,Top 2
"""Cabaret""",5.0,1998.10,Top 3
"""Emo""",5.0,1998.10,Top 4
"""French Pop""",5.0,1998.10,Top 5
"""Gospel""",5.0,1998.11,Top 1
"""Cuba""",5.0,1998.11,Top 2
"""Classic R&B""",5.0,1998.11,Top 3
"""Latin Jazz""",5.0,1998.11,Top 4
"""Masses""",5.0,1998.11,Top 5
"""Traditional Blues""",5.0,1998.12,Top 1
"""Texas Blues""",5.0,1998.12,Top 2
"""Girl Groups""",5.0,1998.12,Top 3
"""Acoustic Blues""",5.0,1998.12,Top 4
"""Scotland""",5.0,1998.12,Top 5
"""Alternative Rock""",5.0,1998.2,Top 1
"""Digital Music""",5.0,1998.2,Top 2
"""Album-Oriented Rock (AOR)""",5.0,1998.2,Top 3
"""Classical""",5.0,1998.2,Top 4
"""Dance & Electronic""",5.0,1998.2,Top 5
"""Rock""",5.0,1998.3,Top 1
"""Alternative Rock""",5.0,1998.3,Top 2
"""Soundtracks""",5.0,1998.3,Top 3
"""Adult Contemporary""",5.0,1998.3,Top 4
"""Folk Rock""",5.0,1998.3,Top 5
"""Indie & Lo-Fi""",5.0,1998.4,Top 1
"""Dance Pop""",5.0,1998.4,Top 2
"""Indie Rock""",5.0,1998.4,Top 3
"""Country""",5.0,1998.4,Top 4
"""Dance & Electronic""",5.0,1998.4,Top 5
"""Supergroups""",5.0,1998.5,Top 1
"""Third Wave Ska""",5.0,1998.5,Top 2
"""Opera & Classical Vocal""",5.0,1998.5,Top 3
"""Modern Blues""",5.0,1998.5,Top 4
"""Disco""",5.0,1998.5,Top 5
"""Reggae""",5.0,1998.6,Top 1
"""Far East & Asia""",5.0,1998.6,Top 2
"""Blue-Eyed Soul""",5.0,1998.6,Top 3
"""Baroque Pop""",5.0,1998.6,Top 4
"""Latin Rock""",5.0,1998.6,Top 5
"""Delta Blues""",5.0,1998.7,Top 1
"""Urban Folk""",5.0,1998.7,Top 2
"""Sing-A-Longs""",5.0,1998.7,Top 3
"""Country & Bluegrass""",5.0,1998.7,Top 4
"""Old-Time Country""",5.0,1998.7,Top 5
"""Cabaret""",5.0,1998.8,Top 1
"""Country & Bluegrass""",5.0,1998.8,Top 2
"""Freestyle""",5.0,1998.8,Top 3
"""Traditional Blues""",5.0,1998.8,Top 4
"""Italy""",5.0,1998.8,Top 5
"""Neotraditional""",5.0,1998.9,Top 1
"""Rock & Alternative""",5.0,1998.9,Top 2
"""Celtic New Age""",5.0,1998.9,Top 3
"""Australia & New Zealand""",5.0,1998.9,Top 4
"""Noels""",5.0,1998.9,Top 5
"""Electronic""",5.0,1999.1,Top 1
"""Latin Rock""",5.0,1999.1,Top 2
"""Arias""",5.0,1999.1,Top 3
"""Brazilian Jazz""",5.0,1999.1,Top 4
"""Cowboy""",5.0,1999.1,Top 5
"""Lullabies""",5.0,1999.10,Top 1
"""Hymns""",5.0,1999.10,Top 2
"""Poetry""",5.0,1999.10,Top 3
"""Flamenco""",5.0,1999.10,Top 4
"""Mariachi""",5.0,1999.10,Top 5
"""Delta Blues""",5.0,1999.11,Top 1
"""""",5.0,1999.11,Top 2
"""Old-Time Country""",5.0,1999.11,Top 3
"""Healing""",5.0,1999.11,Top 4
"""Programming & Web Development""",5.0,1999.11,Top 5
"""Stories""",5.0,1999.12,Top 1
"""Healing""",5.0,1999.12,Top 2
"""Lullabies & Berceuse""",5.0,1999.12,Top 3
"""Senegal & Gambia""",5.0,1999.12,Top 4
"""European Jazz""",5.0,1999.12,Top 5
"""Emo""",5.0,1999.2,Top 1
"""Classic R&B""",5.0,1999.2,Top 2
"""Lo-Fi""",5.0,1999.2,Top 3
"""Electronic Pop""",5.0,1999.2,Top 4
"""Vocal Blues""",5.0,1999.2,Top 5
"""Shoegazing""",5.0,1999.3,Top 1
"""Old School""",5.0,1999.3,Top 2
"""Emo""",5.0,1999.3,Top 3
"""Argentina""",5.0,1999.3,Top 4
"""Celtic Folk""",5.0,1999.3,Top 5
"""Electronic Pop""",5.0,1999.4,Top 1
"""Funk Rock""",5.0,1999.4,Top 2
"""Urban & Contemporary""",5.0,1999.4,Top 3
"""Cantatas""",5.0,1999.4,Top 4
"""Theatrical, Incidental & Program Music""",5.0,1999.4,Top 5
"""Theatrical, Incidental & Program Music""",5.0,1999.5,Top 1
"""Orchestral Jazz""",5.0,1999.5,Top 2
"""Texas Blues""",5.0,1999.5,Top 3
"""Sonatas""",5.0,1999.5,Top 4
"""Swedish Pop""",5.0,1999.5,Top 5
"""Vocal Blues""",5.0,1999.6,Top 1
"""International Rap""",5.0,1999.6,Top 2
"""Acoustic Blues""",5.0,1999.6,Top 3
"""Cabaret""",5.0,1999.6,Top 4
"""Instrumental""",5.0,1999.6,Top 5
"""France""",5.0,1999.7,Top 1
"""Sacred & Religious""",5.0,1999.7,Top 2
"""French Pop""",5.0,1999.7,Top 3
"""Retro Swing""",5.0,1999.7,Top 4
"""Short Forms""",5.0,1999.7,Top 5
"""Ireland""",5.0,1999.8,Top 1
"""Irish Folk""",5.0,1999.8,Top 2
"""Salsa""",5.0,1999.8,Top 3
"""Brazil""",5.0,1999.8,Top 4
"""Spain""",5.0,1999.8,Top 5
"""Roadhouse Country""",5.0,1999.9,Top 1
"""Chicago Blues""",5.0,1999.9,Top 2
"""Nashville Sound""",5.0,1999.9,Top 3
"""Straight Edge""",5.0,1999.9,Top 4
"""Jump Blues""",5.0,1999.9,Top 5
"""Mali""",5.0,2000.1,Top 1
"""Egypt""",5.0,2000.1,Top 2
"""Harmonica Blues""",5.0,2000.1,Top 3
"""Baroque Dance Suites""",5.0,2000.1,Top 4
"""New Orleans Blues""",5.0,2000.1,Top 5
"""Urban & Contemporary""",5.0,2000.10,Top 1
"""Cookware""",5.0,2000.10,Top 2
"""Traditional""",5.0,2000.10,Top 3
"""Streaming Media Players""",5.0,2000.10,Top 4
"""Magnificats""",5.0,2000.10,Top 5
"""Arabic""",5.0,2000.11,Top 1
"""Samba""",5.0,2000.11,Top 2
"""Scottish Folk""",5.0,2000.11,Top 3
"""Israel""",5.0,2000.11,Top 4
"""Healing""",5.0,2000.11,Top 5
"""Urban & Contemporary""",5.0,2000.12,Top 1
"""Healing""",5.0,2000.12,Top 2
"""Ballads""",5.0,2000.12,Top 3
"""Native American""",5.0,2000.12,Top 4
"""Self-Help""",5.0,2000.12,Top 5
"""Motets""",5.0,2000.2,Top 1
"""Hymns""",5.0,2000.2,Top 2
"""Fantasies""",5.0,2000.2,Top 3
"""Argentina""",5.0,2000.2,Top 4
"""Exercise""",5.0,2000.2,Top 5
"""Lullabies""",5.0,2000.3,Top 1
"""Exercise""",5.0,2000.3,Top 2
"""""",5.0,2000.3,Top 3
"""Nigeria""",5.0,2000.3,Top 4
"""Televisions""",5.0,2000.3,Top 5
"""Bolero""",5.0,2000.4,Top 1
"""Jamaica""",5.0,2000.4,Top 2
"""Arabic""",5.0,2000.4,Top 3
"""Stories""",5.0,2000.4,Top 4
"""Poetry""",5.0,2000.4,Top 5
"""Chile""",5.0,2000.5,Top 1
"""Dances""",5.0,2000.5,Top 2
"""Chef's Knives""",5.0,2000.5,Top 3
"""Ranchera""",5.0,2000.5,Top 4
"""Traditional""",5.0,2000.5,Top 5
"""Cutlery Sets""",5.0,2000.6,Top 1
"""European Jazz""",5.0,2000.6,Top 2
"""Chile""",5.0,2000.6,Top 3
"""Safety & Security""",5.0,2000.6,Top 4
"""Mixers""",5.0,2000.6,Top 5
"""Mariachi""",5.0,2000.7,Top 1
"""Math Rock""",5.0,2000.7,Top 2
"""West Coast Blues""",5.0,2000.7,Top 3
"""Exercise""",5.0,2000.7,Top 4
"""Grill & Smoker Parts & Accessories""",5.0,2000.7,Top 5
"""Southern Soul""",5.0,2000.8,Top 1
"""European Jazz""",5.0,2000.8,Top 2
"""Dances""",5.0,2000.8,Top 3
"""Gypsy""",5.0,2000.8,Top 4
"""Exercise""",5.0,2000.8,Top 5
"""Memphis Soul""",5.0,2000.9,Top 1
"""Lullabies & Berceuse""",5.0,2000.9,Top 2
"""Variations""",5.0,2000.9,Top 3
"""Puerto Rico""",5.0,2000.9,Top 4
"""Folk Songs""",5.0,2000.9,Top 5
"""Praise & Worship""",5.0,2001.1,Top 1
"""Sonic Toothbrushes""",5.0,2001.1,Top 2
"""European Jazz""",5.0,2001.1,Top 3
"""Twee Pop""",5.0,2001.1,Top 4
"""Baroque Dance Suites""",5.0,2001.1,Top 5
"""Requiems""",5.0,2001.10,Top 1
"""Educational""",5.0,2001.10,Top 2
"""Samba""",5.0,2001.10,Top 3
"""Egypt""",5.0,2001.10,Top 4
"""Latin Electronica""",5.0,2001.10,Top 5
"""Greece""",5.0,2001.11,Top 1
"""Literary Magazines & Journals""",5.0,2001.11,Top 2
"""Mobile Utilities""",5.0,2001.11,Top 3
"""External Hard Drives""",5.0,2001.11,Top 4
"""Gypsy""",5.0,2001.11,Top 5
"""Lullabies""",5.0,2001.12,Top 1
"""East Coast Blues""",5.0,2001.12,Top 2
"""Scientific""",5.0,2001.12,Top 3
"""Sonic Toothbrushes""",5.0,2001.12,Top 4
"""Camera""",5.0,2001.12,Top 5
"""Italian Pop""",5.0,2001.2,Top 1
"""Requiems""",5.0,2001.2,Top 2
"""Lullabies""",5.0,2001.2,Top 3
"""Voices""",5.0,2001.2,Top 4
"""Praise & Worship""",5.0,2001.2,Top 5
"""Israel""",5.0,2001.3,Top 1
"""Point & Shoot Film Cameras""",5.0,2001.3,Top 2
"""Serveware""",5.0,2001.3,Top 3
"""Vacuums""",5.0,2001.3,Top 4
"""Anthems""",5.0,2001.3,Top 5
"""Brazilian Jazz""",5.0,2001.4,Top 1
"""Scottish Folk""",5.0,2001.4,Top 2
"""Educational""",5.0,2001.4,Top 3
"""Bossa Nova""",5.0,2001.4,Top 4
"""Lullabies""",5.0,2001.4,Top 5
"""Tejano""",5.0,2001.5,Top 1
"""Gypsy""",5.0,2001.5,Top 2
"""Ballads""",5.0,2001.5,Top 3
"""Rondos""",5.0,2001.5,Top 4
"""Tin Pan Alley""",5.0,2001.5,Top 5
"""Gypsy""",5.0,2001.6,Top 1
"""Tejano""",5.0,2001.6,Top 2
"""Colombia""",5.0,2001.6,Top 3
"""Germany""",5.0,2001.6,Top 4
"""China""",5.0,2001.6,Top 5
"""Memphis Soul""",5.0,2001.7,Top 1
"""Colombia""",5.0,2001.7,Top 2
"""Play Vehicles""",5.0,2001.7,Top 3
"""Digital Camera Lenses""",5.0,2001.7,Top 4
"""Puerto Rico""",5.0,2001.7,Top 5
"""South Africa""",5.0,2001.8,Top 1
"""Playsets & Vehicles""",5.0,2001.8,Top 2
"""Italian Pop""",5.0,2001.8,Top 3
"""Preludes""",5.0,2001.8,Top 4
"""New Orleans Blues""",5.0,2001.8,Top 5
"""Skillets""",5.0,2001.9,Top 1
"""Dixieland""",5.0,2001.9,Top 2
"""Card Games""",5.0,2001.9,Top 3
"""Exercise""",5.0,2001.9,Top 4
"""Pistol-Grip Drills""",5.0,2001.9,Top 5
"""East Coast Blues""",5.0,2002.1,Top 1
"""SmartMedia Cards""",5.0,2002.1,Top 2
"""Memphis Blues""",5.0,2002.1,Top 3
"""Fastening Tool Accessories""",5.0,2002.1,Top 4
"""Genealogy""",5.0,2002.1,Top 5
"""Southern Gospel""",5.0,2002.10,Top 1
"""Old-Time Country""",5.0,2002.10,Top 2
"""Jamaica""",5.0,2002.10,Top 3
"""Educational""",5.0,2002.10,Top 4
"""Multimedia Cards""",5.0,2002.10,Top 5
"""Puzzles""",5.0,2002.11,Top 1
"""Healing""",5.0,2002.11,Top 2
"""Baroque Dance Suites""",5.0,2002.11,Top 3
"""Partsongs""",5.0,2002.11,Top 4
"""Israel""",5.0,2002.11,Top 5
"""Finland""",5.0,2002.12,Top 1
"""Healing""",5.0,2002.12,Top 2
"""Stockpots""",5.0,2002.12,Top 3
"""Sewing Machines""",5.0,2002.12,Top 4
"""Culinary Arts & Techniques""",5.0,2002.12,Top 5
"""Lullabies""",5.0,2002.2,Top 1
"""Pacific Islands""",5.0,2002.2,Top 2
"""Folk Songs""",5.0,2002.2,Top 3
"""Mixers""",5.0,2002.2,Top 4
"""Lullabies & Berceuse""",5.0,2002.2,Top 5
"""Ballads""",5.0,2002.3,Top 1
"""Card Games""",5.0,2002.3,Top 2
"""Variations""",5.0,2002.3,Top 3
"""Poetry""",5.0,2002.3,Top 4
"""Play Sets & Playground Equipment""",5.0,2002.3,Top 5
"""Folk Songs""",5.0,2002.4,Top 1
"""Televisions""",5.0,2002.4,Top 2
"""Sega Genesis""",5.0,2002.4,Top 3
"""Algeria""",5.0,2002.4,Top 4
"""Belgium""",5.0,2002.4,Top 5
"""Laptops""",5.0,2002.5,Top 1
"""South Africa""",5.0,2002.5,Top 2
"""Pistol-Grip Drills""",5.0,2002.5,Top 3
"""Business Life""",5.0,2002.5,Top 4
"""Ranchera""",5.0,2002.5,Top 5
"""Netherlands""",5.0,2002.6,Top 1
"""Bachata""",5.0,2002.6,Top 2
"""Finland""",5.0,2002.6,Top 3
"""Portugal""",5.0,2002.6,Top 4
"""Serenades & Divertimentos""",5.0,2002.6,Top 5
"""Memphis Soul""",5.0,2002.7,Top 1
"""Bakersfield Sound""",5.0,2002.7,Top 2
"""Morocco""",5.0,2002.7,Top 3
"""Teakettles""",5.0,2002.7,Top 4
"""Hammocks, Stands & Accessories""",5.0,2002.7,Top 5
"""Battling Tops""",5.0,2002.8,Top 1
"""Kindle eBooks""",5.0,2002.8,Top 2
"""Egypt""",5.0,2002.8,Top 3
"""Kindle Store""",5.0,2002.8,Top 4
"""Morocco""",5.0,2002.8,Top 5
"""Playsets & Vehicles""",5.0,2002.9,Top 1
"""Cajun & Zydeco""",5.0,2002.9,Top 2
"""Southern Gospel""",5.0,2002.9,Top 3
"""Old-Time Country""",5.0,2002.9,Top 4
"""Hawaii""",5.0,2002.9,Top 5
"""Anthems""",5.0,2003.1,Top 1
"""Bass""",5.0,2003.1,Top 2
"""Scottish Folk""",5.0,2003.1,Top 3
"""Latin Electronica""",5.0,2003.1,Top 4
"""Tool Organizers""",5.0,2003.1,Top 5
"""Traditional""",5.0,2003.10,Top 1
"""Sega Dreamcast""",5.0,2003.10,Top 2
"""Ballads""",5.0,2003.10,Top 3
"""Anthems""",5.0,2003.10,Top 4
"""Nocturnes""",5.0,2003.10,Top 5
"""Spain""",5.0,2003.11,Top 1
"""Chile""",5.0,2003.11,Top 2
"""Traditional""",5.0,2003.11,Top 3
"""Guitars & Strings""",5.0,2003.11,Top 4
"""Old-Time Country""",5.0,2003.11,Top 5
"""Overtures""",5.0,2003.12,Top 1
"""Arabic""",5.0,2003.12,Top 2
"""Commuter Mugs & Tumblers""",5.0,2003.12,Top 3
"""Grown-Up Toys""",5.0,2003.12,Top 4
"""Band Saw Blades""",5.0,2003.12,Top 5
"""Lullabies""",5.0,2003.2,Top 1
"""Graters""",5.0,2003.2,Top 2
"""Bolero""",5.0,2003.2,Top 3
"""Mariachi""",5.0,2003.2,Top 4
"""Southern Soul""",5.0,2003.2,Top 5
"""Lullabies""",5.0,2003.3,Top 1
"""Educational""",5.0,2003.3,Top 2
"""Stockpots""",5.0,2003.3,Top 3
"""Photo Paper""",5.0,2003.3,Top 4
"""Alt-Country & Americana""",5.0,2003.3,Top 5
"""Planers""",5.0,2003.4,Top 1
"""Bass""",5.0,2003.4,Top 2
"""Sonic Toothbrushes""",5.0,2003.4,Top 3
"""Photo Paper""",5.0,2003.4,Top 4
"""Test Preparation""",5.0,2003.4,Top 5
"""SLR Cameras""",5.0,2003.5,Top 1
"""Native American""",5.0,2003.5,Top 2
"""Furniture""",5.0,2003.5,Top 3
"""Multitools""",5.0,2003.5,Top 4
"""European Jazz""",5.0,2003.5,Top 5
"""Educational""",5.0,2003.6,Top 1
"""Air-Powered Nailers""",5.0,2003.6,Top 2
"""Armenia""",5.0,2003.6,Top 3
"""Egypt""",5.0,2003.6,Top 4
"""Test Preparation""",5.0,2003.6,Top 5
"""Tejano""",5.0,2003.7,Top 1
"""New Orleans Jazz""",5.0,2003.7,Top 2
"""Professional & Trade""",5.0,2003.7,Top 3
"""Play Trains & Railway Sets""",5.0,2003.7,Top 4
"""Samba""",5.0,2003.7,Top 5
"""Relaxation""",5.0,2003.8,Top 1
"""Game Boy""",5.0,2003.8,Top 2
"""Professional & Trade""",5.0,2003.8,Top 3
"""Turkey""",5.0,2003.8,Top 4
"""Variations""",5.0,2003.8,Top 5
"""Fantasies""",5.0,2003.9,Top 1
"""Polkas""",5.0,2003.9,Top 2
"""Streaming Media Players""",5.0,2003.9,Top 3
"""Straight Edge""",5.0,2003.9,Top 4
"""Vehicles""",5.0,2003.9,Top 5
"""Puerto Rico""",5.0,2004.1,Top 1
"""Card Games""",5.0,2004.1,Top 2
"""Jamaica""",5.0,2004.1,Top 3
"""Wine Glasses""",5.0,2004.1,Top 4
"""Shock Comedy""",5.0,2004.1,Top 5
"""Coin Storage & Shipping Boxes""",5.0,2004.10,Top 1
"""Money Handling Products""",5.0,2004.10,Top 2
"""Oral Hygiene & Preventive Care""",5.0,2004.10,Top 3
"""Professional Dental Supplies""",5.0,2004.10,Top 4
"""Toothpastes""",5.0,2004.10,Top 5
"""SmartMedia Cards""",5.0,2004.11,Top 1
"""Magnificats""",5.0,2004.11,Top 2
"""Latin Electronica""",5.0,2004.11,Top 3
"""Small Business & Entrepreneurship""",5.0,2004.11,Top 4
"""xD-Picture Cards""",5.0,2004.11,Top 5
"""Folk Songs""",5.0,2004.12,Top 1
"""Native American""",5.0,2004.12,Top 2
"""Shoes""",5.0,2004.12,Top 3
"""Alternative Medicine""",5.0,2004.12,Top 4
"""Greece""",5.0,2004.12,Top 5
"""Appalachian""",5.0,2004.2,Top 1
"""Orchestral Jazz""",5.0,2004.2,Top 2
"""Ballads""",5.0,2004.2,Top 3
"""Nursery""",5.0,2004.2,Top 4
"""Variations""",5.0,2004.2,Top 5
"""Memphis Soul""",5.0,2004.3,Top 1
"""Lotions""",5.0,2004.3,Top 2
"""Digital SLR Cameras""",5.0,2004.3,Top 3
"""Blades""",5.0,2004.3,Top 4
"""Shopping Cart Covers""",5.0,2004.3,Top 5
"""Country & Bluegrass""",5.0,2004.4,Top 1
"""Southern Gospel""",5.0,2004.4,Top 2
"""Fragrance""",5.0,2004.4,Top 3
"""Women's""",5.0,2004.4,Top 4
"""Memphis Soul""",5.0,2004.4,Top 5
"""Gypsy""",5.0,2004.5,Top 1
"""Card Games""",5.0,2004.5,Top 2
"""Voices""",5.0,2004.5,Top 3
"""Play Trains & Railway Sets""",5.0,2004.5,Top 4
"""Train Sets""",5.0,2004.5,Top 5
"""Math Rock""",5.0,2004.6,Top 1
"""Voices""",5.0,2004.6,Top 2
"""Air Purifiers""",5.0,2004.6,Top 3
"""Cooking, Food & Wine""",5.0,2004.6,Top 4
"""Mali""",5.0,2004.6,Top 5
"""Dinnerware Sets""",5.0,2004.7,Top 1
"""Key Chain Flashlights""",5.0,2004.7,Top 2
"""Harmonica Blues""",5.0,2004.7,Top 3
"""Cookies, Biscuits & Snacks""",5.0,2004.7,Top 4
"""Healing""",5.0,2004.7,Top 5
"""T-Shirts""",5.0,2004.8,Top 1
"""Tops & Tees""",5.0,2004.8,Top 2
"""Shirts""",5.0,2004.8,Top 3
"""Healing""",5.0,2004.8,Top 4
"""Finish Nailers""",5.0,2004.8,Top 5
"""Native American""",5.0,2004.9,Top 1
"""Stories""",5.0,2004.9,Top 2
"""Lotions""",5.0,2004.9,Top 3
"""Desk Accessories & Workspace Organizers""",5.0,2004.9,Top 4
"""Healing""",5.0,2004.9,Top 5
"""Amazon Fashion""",5.0,2005.1,Top 1
"""Vintage Dance Bands""",5.0,2005.1,Top 2
"""Camp Kitchen""",5.0,2005.1,Top 3
"""Italian Pop""",5.0,2005.1,Top 4
"""Freestanding Grills""",5.0,2005.1,Top 5
"""Magnificats""",5.0,2005.10,Top 1
"""Math Rock""",5.0,2005.10,Top 2
"""Liquid Detergent""",5.0,2005.10,Top 3
"""Lullabies & Berceuse""",5.0,2005.10,Top 4
"""Train Cars""",5.0,2005.10,Top 5
"""Women's Luxury Brands""",5.0,2005.11,Top 1
"""Luxury Watches""",5.0,2005.11,Top 2
"""Wall Calendars""",5.0,2005.11,Top 3
"""Calendars, Planners & Personal Organizers""",5.0,2005.11,Top 4
"""Multivitamins""",5.0,2005.11,Top 5
"""Native American""",5.0,2005.12,Top 1
"""Baby Gyms & Playmats""",5.0,2005.12,Top 2
"""First Aid""",5.0,2005.12,Top 3
"""Pizza Cutters""",5.0,2005.12,Top 4
"""Jeans""",5.0,2005.12,Top 5
"""Motets""",5.0,2005.2,Top 1
"""South Africa""",5.0,2005.2,Top 2
"""Greece""",5.0,2005.2,Top 3
"""Italian Pop""",5.0,2005.2,Top 4
"""Folk Songs""",5.0,2005.2,Top 5
"""Urban Life""",5.0,2005.3,Top 1
"""Israel""",5.0,2005.3,Top 2
"""Snow Removal""",5.0,2005.3,Top 3
"""Styling Products""",5.0,2005.3,Top 4
"""Toddler Beds""",5.0,2005.3,Top 5
"""Racquet Sports""",5.0,2005.4,Top 1
"""Self-Help""",5.0,2005.4,Top 2
"""New Orleans Blues""",5.0,2005.4,Top 3
"""Transportation""",5.0,2005.4,Top 4
"""Tennis""",5.0,2005.4,Top 5
"""Body Washes""",5.0,2005.5,Top 1
"""Improvisation""",5.0,2005.5,Top 2
"""Styling Products""",5.0,2005.5,Top 3
"""Shapes & Colors""",5.0,2005.5,Top 4
"""Boating & Water Sports""",5.0,2005.5,Top 5
"""Italian Pop""",5.0,2005.6,Top 1
"""Partsongs""",5.0,2005.6,Top 2
"""Fabric""",5.0,2005.6,Top 3
"""Exercise""",5.0,2005.6,Top 4
"""Chansons""",5.0,2005.6,Top 5
"""xD-Picture Cards""",5.0,2005.7,Top 1
"""Toothpastes""",5.0,2005.7,Top 2
"""Madrigals""",5.0,2005.7,Top 3
"""Traditional""",5.0,2005.7,Top 4
"""Latin Children's""",5.0,2005.7,Top 5
"""Video Cables""",5.0,2005.8,Top 1
"""Mali""",5.0,2005.8,Top 2
"""How-to & Home Improvements""",5.0,2005.8,Top 3
"""Buying & Selling Homes""",5.0,2005.8,Top 4
"""Turkey""",5.0,2005.8,Top 5
"""East Coast Blues""",5.0,2005.9,Top 1
"""Charcoal & Charcoal Starters""",5.0,2005.9,Top 2
"""Charcoal Starters""",5.0,2005.9,Top 3
"""Movado""",5.0,2005.9,Top 4
"""Electronic Keyboards""",5.0,2005.9,Top 5
"""Body Butter""",5.0,2006.1,Top 1
"""Protein""",5.0,2006.1,Top 2
"""Bathing & Skin Care""",5.0,2006.1,Top 3
"""Charcoal & Charcoal Starters""",5.0,2006.1,Top 4
"""Charcoal Starters""",5.0,2006.1,Top 5
"""Concerto Grossi""",5.0,2006.10,Top 1
"""Knitting & Crochet""",5.0,2006.10,Top 2
"""Parenting & Relationships""",5.0,2006.10,Top 3
"""Family Relationships""",5.0,2006.10,Top 4
"""Math Rock""",5.0,2006.10,Top 5
"""Blank Video Media""",5.0,2006.11,Top 1
"""Memphis Soul""",5.0,2006.11,Top 2
"""Ballads""",5.0,2006.11,Top 3
"""Brad Nailers""",5.0,2006.11,Top 4
"""Dishwasher Detergent""",5.0,2006.11,Top 5
"""Robeez""",5.0,2006.12,Top 1
"""Memphis Soul""",5.0,2006.12,Top 2
"""Stories""",5.0,2006.12,Top 3
"""Northern""",5.0,2006.12,Top 4
"""Diaper Creams""",5.0,2006.12,Top 5
"""Shaver Accessories""",5.0,2006.2,Top 1
"""Crepe Pans""",5.0,2006.2,Top 2
"""Floor Puzzles""",5.0,2006.2,Top 3
"""M""",5.0,2006.2,Top 4
"""Paneling""",5.0,2006.2,Top 5
"""Movado""",5.0,2006.3,Top 1
"""Dollhouse Accessories""",5.0,2006.3,Top 2
"""Cleaning Equipment""",5.0,2006.3,Top 3
"""Dry""",5.0,2006.3,Top 4
"""Cleaning Kits""",5.0,2006.3,Top 5
"""Country & Bluegrass""",5.0,2006.4,Top 1
"""Styling Products""",5.0,2006.4,Top 2
"""Robes""",5.0,2006.4,Top 3
"""Toilet Accessories""",5.0,2006.4,Top 4
"""Toilet Brushes & Holders""",5.0,2006.4,Top 5
"""Luxury Beauty""",5.0,2006.5,Top 1
"""Argentina""",5.0,2006.5,Top 2
"""Greece""",5.0,2006.5,Top 3
"""Italian Pop""",5.0,2006.5,Top 4
"""Concerto Grossi""",5.0,2006.5,Top 5
"""Exercise""",5.0,2006.6,Top 1
"""Girls""",5.0,2006.6,Top 2
"""Levels""",5.0,2006.6,Top 3
"""Everyday Bras""",5.0,2006.6,Top 4
"""Tin Pan Alley""",5.0,2006.6,Top 5
"""Silver Baby Spoons""",5.0,2006.7,Top 1
"""Keepsakes""",5.0,2006.7,Top 2
"""Teapots""",5.0,2006.7,Top 3
"""Play Food""",5.0,2006.7,Top 4
"""Colanders & Food Strainers""",5.0,2006.7,Top 5
"""Charcoal & Charcoal Starters""",5.0,2006.8,Top 1
"""Charcoal Starters""",5.0,2006.8,Top 2
"""Mali""",5.0,2006.8,Top 3
"""Stories""",5.0,2006.8,Top 4
"""Brad Nailers""",5.0,2006.8,Top 5
"""West Coast Blues""",5.0,2006.9,Top 1
"""Digital SLR Camera Bundles""",5.0,2006.9,Top 2
"""Creams & Moisturizers""",5.0,2006.9,Top 3
"""Posters & Prints""",5.0,2006.9,Top 4
"""African American""",5.0,2006.9,Top 5
"""Handsaws""",5.0,2007.1,Top 1
"""Crafts & Hobbies""",5.0,2007.1,Top 2
"""Turkey""",5.0,2007.1,Top 3
"""Satellite Speakers""",5.0,2007.1,Top 4
"""Highball Glasses""",5.0,2007.1,Top 5
"""Improvisation""",5.0,2007.10,Top 1
"""Jamaican Ska""",5.0,2007.10,Top 2
"""Shampoos & Conditioners""",5.0,2007.10,Top 3
"""CPU Processors""",5.0,2007.10,Top 4
"""Antibiotics & Antiseptics""",5.0,2007.10,Top 5
"""Players""",5.0,2007.11,Top 1
"""Cargo Carriers""",5.0,2007.11,Top 2
"""Kindle Short Reads""",5.0,2007.11,Top 3
"""Robes""",5.0,2007.11,Top 4
"""Coughing & Sore Throats""",5.0,2007.11,Top 5
"""Dry""",5.0,2007.12,Top 1
"""Fountain Pens""",5.0,2007.12,Top 2
"""Medicinal Sleep Aids""",5.0,2007.12,Top 3
"""Pot Racks""",5.0,2007.12,Top 4
"""Chants""",5.0,2007.12,Top 5
"""Monitor Arms & Stands""",5.0,2007.2,Top 1
"""Bike Trainers & Accessories""",5.0,2007.2,Top 2
"""Resistance Trainers""",5.0,2007.2,Top 3
"""Batteries & Accessories""",5.0,2007.2,Top 4
"""Ball""",5.0,2007.2,Top 5
"""Sauciers""",5.0,2007.3,Top 1
"""Hiking & Trekking""",5.0,2007.3,Top 2
"""Folk & World Hand Drums""",5.0,2007.3,Top 3
"""UGG""",5.0,2007.3,Top 4
"""Amplifiers""",5.0,2007.3,Top 5
"""Body Butter""",5.0,2007.4,Top 1
"""Bake & Serve Sets""",5.0,2007.4,Top 2
"""DVI Cables""",5.0,2007.4,Top 3
"""Bolero""",5.0,2007.4,Top 4
"""Cologne""",5.0,2007.4,Top 5
"""Playing Field Equipment""",5.0,2007.5,Top 1
"""Stadium Seats & Cushions""",5.0,2007.5,Top 2
"""Robeez""",5.0,2007.5,Top 3
"""Jessica Simpson""",5.0,2007.5,Top 4
"""Afro Brazilian""",5.0,2007.5,Top 5
"""Jump Blues""",5.0,2007.6,Top 1
"""Pencils""",5.0,2007.6,Top 2
"""Sneakers""",5.0,2007.6,Top 3
"""Choir""",5.0,2007.6,Top 4
"""Feather Toys""",5.0,2007.6,Top 5
"""Nail Polish""",5.0,2007.7,Top 1
"""Andes""",5.0,2007.7,Top 2
"""Veranda""",5.0,2007.7,Top 3
"""Fugues""",5.0,2007.7,Top 4
"""Beverages""",5.0,2007.7,Top 5
"""Charcoal Starters""",5.0,2007.8,Top 1
"""Charcoal & Charcoal Starters""",5.0,2007.8,Top 2
"""Tejano""",5.0,2007.8,Top 3
"""Powder Detergent""",5.0,2007.8,Top 4
"""Tape, Adhesives & Fasteners""",5.0,2007.8,Top 5
"""Specialty & Novelty Cake Pans""",5.0,2007.9,Top 1
"""Upright Bags""",5.0,2007.9,Top 2
"""Feather Toys""",5.0,2007.9,Top 3
"""Foot Creams & Lotions""",5.0,2007.9,Top 4
"""Shock Comedy""",5.0,2007.9,Top 5
"""Countertop Burners""",5.0,2008.1,Top 1
"""MiniDV""",5.0,2008.1,Top 2
"""Historical Romance""",5.0,2008.1,Top 3
"""Eyeliner""",5.0,2008.1,Top 4
"""pediped""",5.0,2008.1,Top 5
"""Comedy""",5.0,2008.10,Top 1
"""Requiems""",5.0,2008.10,Top 2
"""Sanuk""",5.0,2008.10,Top 3
"""Subscription Cards""",5.0,2008.10,Top 4
"""Neo-Soul""",5.0,2008.10,Top 5
"""Traditional""",5.0,2008.11,Top 1
"""Serving Utensils""",5.0,2008.11,Top 2
"""Antibiotics & Antiseptics""",5.0,2008.11,Top 3
"""Traditional Country""",5.0,2008.11,Top 4
"""Paranormal""",5.0,2008.11,Top 5
"""Nail Treatments""",5.0,2008.12,Top 1
"""Axes""",5.0,2008.12,Top 2
"""Wine Pourers""",5.0,2008.12,Top 3
"""Envelope Mailers""",5.0,2008.12,Top 4
"""Basters & Marinaters""",5.0,2008.12,Top 5
"""Netherlands""",5.0,2008.2,Top 1
"""Drawing""",5.0,2008.2,Top 2
"""Drawing Media""",5.0,2008.2,Top 3
"""Johnston & Murphy""",5.0,2008.2,Top 4
"""Adjustable Benches""",5.0,2008.2,Top 5
"""Thrillers & Suspense""",5.0,2008.3,Top 1
"""Shampoos & Conditioners""",5.0,2008.3,Top 2
"""Summer Event""",5.0,2008.3,Top 3
"""Nail Treatments""",5.0,2008.3,Top 4
"""Serving Utensils""",5.0,2008.3,Top 5
"""Nightgowns & Sleepshirts""",5.0,2008.4,Top 1
"""Robeez""",5.0,2008.4,Top 2
"""Tool Boxes""",5.0,2008.4,Top 3
"""LIVE""",5.0,2008.4,Top 4
"""Xbox One""",5.0,2008.4,Top 5
"""Cough & Cold""",5.0,2008.5,Top 1
"""Cold & Flu Relief""",5.0,2008.5,Top 2
"""Safety Ear Muffs""",5.0,2008.5,Top 3
"""Cover-Ups""",5.0,2008.5,Top 4
"""Bread & Loaf Pans""",5.0,2008.5,Top 5
"""Charcoal Starters""",5.0,2008.6,Top 1
"""Crates""",5.0,2008.6,Top 2
"""Food Processor Parts & Accessories""",5.0,2008.6,Top 3
"""Litter & Refills""",5.0,2008.6,Top 4
"""Furnace Parts & Accessories""",5.0,2008.6,Top 5
"""Gay""",5.0,2008.7,Top 1
"""Gay Romance""",5.0,2008.7,Top 2
"""Horses""",5.0,2008.7,Top 3
"""Tool Pouches""",5.0,2008.7,Top 4
"""Tape, Adhesives & Fasteners""",5.0,2008.7,Top 5
"""Probiotics""",5.0,2008.8,Top 1
"""Cajun & Zydeco""",5.0,2008.8,Top 2
"""Door Chimes & Bells""",5.0,2008.8,Top 3
"""Pipe Wrenches""",5.0,2008.8,Top 4
"""Partsongs""",5.0,2008.8,Top 5
"""Omega-3""",5.0,2008.9,Top 1
"""Dishes & Tea Sets""",5.0,2008.9,Top 2
"""Shampoo & Conditioner Sets""",5.0,2008.9,Top 3
"""Omega Watches""",5.0,2008.9,Top 4
"""Caster Boards""",5.0,2008.9,Top 5
"""Loaf Pans""",5.0,2009.1,Top 1
"""Omega Watches""",5.0,2009.1,Top 2
"""Sports Medicine""",5.0,2009.1,Top 3
"""Car Polishes & Waxes""",5.0,2009.1,Top 4
"""Adhesive Bandages""",5.0,2009.1,Top 5
"""Shears""",5.0,2009.10,Top 1
"""Teddy Bears""",5.0,2009.10,Top 2
"""Distortion & Overdrive""",5.0,2009.10,Top 3
"""Neo-Soul""",5.0,2009.10,Top 4
"""Andes""",5.0,2009.10,Top 5
"""Router Bits""",5.0,2009.11,Top 1
"""Ballads""",5.0,2009.11,Top 2
"""Alternative Protection""",5.0,2009.11,Top 3
"""Nasal Sprays & Drops""",5.0,2009.11,Top 4
"""Moisturizing Sprays""",5.0,2009.11,Top 5
"""Harmonica Blues""",5.0,2009.12,Top 1
"""Orchestral Jazz""",5.0,2009.12,Top 2
"""Tabletop Grills""",5.0,2009.12,Top 3
"""Growing Up & Facts of Life""",5.0,2009.12,Top 4
"""Step Platforms""",5.0,2009.12,Top 5
"""Throw Blankets""",5.0,2009.2,Top 1
"""Magazine Loaders""",5.0,2009.2,Top 2
"""Breakfast & Cereal Bars""",5.0,2009.2,Top 3
"""Hollow & Semi-Hollow Body""",5.0,2009.2,Top 4
"""Birdbath Accessories""",5.0,2009.2,Top 5
"""Traditional British & Celtic Folk""",5.0,2009.3,Top 1
"""Jamaican Ska""",5.0,2009.3,Top 2
"""Eyebrow Color""",5.0,2009.3,Top 3
"""Omega Watches""",5.0,2009.3,Top 4
"""Wirebound Notebooks""",5.0,2009.3,Top 5
"""Antibiotics & Antiseptics""",5.0,2009.4,Top 1
"""Serving Bowls""",5.0,2009.4,Top 2
"""Recipes & Techniques""",5.0,2009.4,Top 3
"""Reciprocating Saw Blades""",5.0,2009.4,Top 4
"""Ointments""",5.0,2009.4,Top 5
"""Green""",5.0,2009.5,Top 1
"""Tejano""",5.0,2009.5,Top 2
"""Personal Growth""",5.0,2009.5,Top 3
"""Occult""",5.0,2009.5,Top 4
"""Points & Currency Cards""",5.0,2009.5,Top 5
"""Wind & Woodwinds""",5.0,2009.6,Top 1
"""Motor Oils""",5.0,2009.6,Top 2
"""Contact Lens Care""",5.0,2009.6,Top 3
"""KATHY Van Zeeland""",5.0,2009.6,Top 4
"""Ointments""",5.0,2009.6,Top 5
"""Warranties & Services""",5.0,2009.7,Top 1
"""Computer Equipment Warranties""",5.0,2009.7,Top 2
"""Hearing Protection""",5.0,2009.7,Top 3
"""Safety Ear Muffs""",5.0,2009.7,Top 4
"""Individual Sockets""",5.0,2009.7,Top 5
"""Bossa Nova""",5.0,2009.8,Top 1
"""Samba""",5.0,2009.8,Top 2
"""Close To Ceiling Lights""",5.0,2009.8,Top 3
"""Loofahs, Sponges & Poufs""",5.0,2009.8,Top 4
"""Rubs & Ointments""",5.0,2009.8,Top 5
"""Shred""",5.0,2009.9,Top 1
"""Latin Hip-Hop""",5.0,2009.9,Top 2
"""Antacids""",5.0,2009.9,Top 3
"""SmartMedia Cards""",5.0,2009.9,Top 4
"""Brooks""",5.0,2009.9,Top 5
"""Stories""",5.0,2010.1,Top 1
"""Madrigals""",5.0,2010.1,Top 2
"""Celtic Folk""",5.0,2010.1,Top 3
"""Tignanello""",5.0,2010.1,Top 4
"""Sword & Sorcery""",5.0,2010.1,Top 5
"""Happiness""",5.0,2010.10,Top 1
"""Journals""",5.0,2010.10,Top 2
"""Hooks""",5.0,2010.10,Top 3
"""Bearings & Seals""",5.0,2010.10,Top 4
"""Hub Assemblies""",5.0,2010.10,Top 5
"""Etudes""",5.0,2010.11,Top 1
"""Paneling""",5.0,2010.11,Top 2
"""Gear Oils""",5.0,2010.11,Top 3
"""Digital Coaxial Cables""",5.0,2010.11,Top 4
"""Healthy Living""",5.0,2010.11,Top 5
"""Traditional British & Celtic Folk""",5.0,2010.12,Top 1
"""Tignanello""",5.0,2010.12,Top 2
"""Andes""",5.0,2010.12,Top 3
"""Old-Time Country""",5.0,2010.12,Top 4
"""Towel Rings""",5.0,2010.12,Top 5
"""Israel""",5.0,2010.2,Top 1
"""Pizzelle Makers""",5.0,2010.2,Top 2
"""Mounting Tape""",5.0,2010.2,Top 3
"""Drumheads""",5.0,2010.2,Top 4
"""Bass Guitar Bags & Cases""",5.0,2010.2,Top 5
"""Growing Up & Facts of Life""",5.0,2010.3,Top 1
"""Early Childhood Education Materials""",5.0,2010.3,Top 2
"""Lasagna Pans""",5.0,2010.3,Top 3
"""Celtic Folk""",5.0,2010.3,Top 4
"""West Coast Blues""",5.0,2010.3,Top 5
"""Family Life""",5.0,2010.4,Top 1
"""Brooks""",5.0,2010.4,Top 2
"""Domestic Life""",5.0,2010.4,Top 3
"""KATHY Van Zeeland""",5.0,2010.4,Top 4
"""Cooling Racks""",5.0,2010.4,Top 5
"""Hair Accessories""",5.0,2010.5,Top 1
"""Electric Woks""",5.0,2010.5,Top 2
"""Bidet Attachments""",5.0,2010.5,Top 3
"""Alto Sax""",5.0,2010.5,Top 4
"""ID Wristbands""",5.0,2010.5,Top 5
"""Brake & Tail Light Assemblies""",5.0,2010.6,Top 1
"""Oil Filter Wrenches""",5.0,2010.6,Top 2
"""Footrests""",5.0,2010.6,Top 3
"""Neo-Soul""",5.0,2010.6,Top 4
"""Tejano""",5.0,2010.6,Top 5
"""Software Project Management""",5.0,2010.7,Top 1
"""Islam""",5.0,2010.7,Top 2
"""Sufism""",5.0,2010.7,Top 3
"""Science & Religion""",5.0,2010.7,Top 4
"""Diets""",5.0,2010.7,Top 5
"""Carving Knives & Forks""",5.0,2010.8,Top 1
"""Historical Periods""",5.0,2010.8,Top 2
"""Geography & Cultures""",5.0,2010.8,Top 3
"""Acidophilus""",5.0,2010.8,Top 4
"""Noir""",5.0,2010.8,Top 5
"""Marble Tiles""",5.0,2010.9,Top 1
"""Air & Fuel Ratio""",5.0,2010.9,Top 2
"""Stone Tiles""",5.0,2010.9,Top 3
"""Drivers""",5.0,2010.9,Top 4
"""Cloth Diapers""",5.0,2010.9,Top 5
"""Vitamin E""",5.0,2011.1,Top 1
"""Bandaging Pads""",5.0,2011.1,Top 2
"""Maui Jim""",5.0,2011.1,Top 3
"""Tiles""",5.0,2011.1,Top 4
"""Green Thumb""",5.0,2011.1,Top 5
"""Double Bowl""",5.0,2011.10,Top 1
"""Boning & Fillet Knives""",5.0,2011.10,Top 2
"""Bike Lube""",5.0,2011.10,Top 3
"""Miter Saw Blades""",5.0,2011.10,Top 4
"""Lab Utensils""",5.0,2011.10,Top 5
"""Business Skills""",5.0,2011.11,Top 1
"""Classical (c.1770-1830)""",5.0,2011.11,Top 2
"""Business & Professional""",5.0,2011.11,Top 3
"""Astrophysics & Space Science""",5.0,2011.11,Top 4
"""Currency Cards""",5.0,2011.11,Top 5
"""Grill Rotisseries""",5.0,2011.12,Top 1
"""New England""",5.0,2011.12,Top 2
"""Lice Combs""",5.0,2011.12,Top 3
"""Inflation""",5.0,2011.12,Top 4
"""Scottish Folk""",5.0,2011.12,Top 5
"""Pizza Peels""",5.0,2011.2,Top 1
"""Nitrile Gloves""",5.0,2011.2,Top 2
"""Ministry & Evangelism""",5.0,2011.2,Top 3
"""Traditional British & Celtic Folk""",5.0,2011.2,Top 4
"""Engine & Oil""",5.0,2011.2,Top 5
"""Job Hunting & Careers""",5.0,2011.3,Top 1
"""Job Hunting""",5.0,2011.3,Top 2
"""Soaking Solutions""",5.0,2011.3,Top 3
"""Movado""",5.0,2011.3,Top 4
"""Interviewing""",5.0,2011.3,Top 5
"""Philanthropy & Charity""",5.0,2011.4,Top 1
"""Currency Cards""",5.0,2011.4,Top 2
"""Leadership""",5.0,2011.4,Top 3
"""Energy & Nutritional""",5.0,2011.4,Top 4
"""Magnetic Knife Strips""",5.0,2011.4,Top 5
"""Currency Cards""",5.0,2011.5,Top 1
"""Washer Parts & Accessories""",5.0,2011.5,Top 2
"""Spoon Rests""",5.0,2011.5,Top 3
"""Church & State""",5.0,2011.5,Top 4
"""Book Stands""",5.0,2011.5,Top 5
"""Vera Bradley""",5.0,2011.6,Top 1
"""Currency Cards""",5.0,2011.6,Top 2
"""Bolero""",5.0,2011.6,Top 3
"""Orchestral Jazz""",5.0,2011.6,Top 4
"""Tejano""",5.0,2011.6,Top 5
"""Magic & Illusion""",5.0,2011.7,Top 1
"""Temperature Gauges""",5.0,2011.7,Top 2
"""Mate Seeking""",5.0,2011.7,Top 3
"""Stories About Toys""",5.0,2011.7,Top 4
"""Religious Fiction""",5.0,2011.7,Top 5
"""Pacific""",5.0,2011.8,Top 1
"""Pocket Charts""",5.0,2011.8,Top 2
"""European Jazz""",5.0,2011.8,Top 3
"""Decorating & Pastry Bags""",5.0,2011.8,Top 4
"""Applied Psychology""",5.0,2011.8,Top 5
"""Fantasy, Horror & Science Fiction""",5.0,2011.9,Top 1
"""Points & Currency Cards""",5.0,2011.9,Top 2
"""Currency Cards""",5.0,2011.9,Top 3
"""Recording Snakes""",5.0,2011.9,Top 4
"""Timing Parts""",5.0,2011.9,Top 5
"""Traditional British & Celtic Folk""",5.0,2012.1,Top 1
"""Natural Foods""",5.0,2012.1,Top 2
"""Carving Knives""",5.0,2012.1,Top 3
"""Minutes""",5.0,2012.1,Top 4
"""Neuroscience""",5.0,2012.1,Top 5
"""Running Meetings & Presentations""",5.0,2012.10,Top 1
"""Ornamental Plants""",5.0,2012.10,Top 2
"""Oboz""",5.0,2012.10,Top 3
"""Scottish Folk""",5.0,2012.10,Top 4
"""Beakers""",5.0,2012.10,Top 5
"""Latin Christian""",5.0,2012.11,Top 1
"""Evangelism""",5.0,2012.11,Top 2
"""Chain & Rope Fittings""",5.0,2012.11,Top 3
"""Nickelodeon""",5.0,2012.11,Top 4
"""Experimental Psychology""",5.0,2012.11,Top 5
"""Office Management""",5.0,2012.12,Top 1
"""Rubber Flooring""",5.0,2012.12,Top 2
"""Milk Replacers""",5.0,2012.12,Top 3
"""Thread Sealants""",5.0,2012.12,Top 4
"""Disposable Wipes""",5.0,2012.12,Top 5
"""Motets""",5.0,2012.2,Top 1
"""Emblems""",5.0,2012.2,Top 2
"""Roses""",5.0,2012.2,Top 3
"""Plants""",5.0,2012.2,Top 4
"""Astaxanthin""",5.0,2012.2,Top 5
"""Celtic Folk""",5.0,2012.3,Top 1
"""Mountaineering""",5.0,2012.3,Top 2
"""Desoldering Wicks""",5.0,2012.3,Top 3
"""Gun Lubrication""",5.0,2012.3,Top 4
"""Baby Animals""",5.0,2012.3,Top 5
"""Cereals""",5.0,2012.4,Top 1
"""Honey""",5.0,2012.4,Top 2
"""Magic & Illusion""",5.0,2012.4,Top 3
"""Juggling""",5.0,2012.4,Top 4
"""Radial Ball Bearings""",5.0,2012.4,Top 5
"""Potassium""",5.0,2012.5,Top 1
"""Immune Systems""",5.0,2012.5,Top 2
"""Potassium Iodide""",5.0,2012.5,Top 3
"""Wine Tasting""",5.0,2012.5,Top 4
"""DKNY Watches""",5.0,2012.5,Top 5
"""Aging""",5.0,2012.6,Top 1
"""Exhaust""",5.0,2012.6,Top 2
"""Aging Parents""",5.0,2012.6,Top 3
"""Korean Pop""",5.0,2012.6,Top 4
"""Cajun & Creole""",5.0,2012.6,Top 5
"""Honky-Tonk""",5.0,2012.7,Top 1
"""Outdoor Pens""",5.0,2012.7,Top 2
"""Country Comedy""",5.0,2012.7,Top 3
"""Opener System Parts""",5.0,2012.7,Top 4
"""Whitewater Kayaks""",5.0,2012.7,Top 5
"""Flamenco""",5.0,2012.8,Top 1
"""Step-Up Rings""",5.0,2012.8,Top 2
"""Devotional""",5.0,2012.8,Top 3
"""Latin Christian""",5.0,2012.8,Top 4
"""Parent Participation""",5.0,2012.8,Top 5
"""Samba""",5.0,2012.9,Top 1
"""Green Thumb""",5.0,2012.9,Top 2
"""Alto Sax""",5.0,2012.9,Top 3
"""Complete Systems""",5.0,2012.9,Top 4
"""Aims & Objectives""",5.0,2012.9,Top 5
"""Finger Cots""",5.0,2013.1,Top 1
"""Combs & Spines""",5.0,2013.1,Top 2
"""Hickory""",5.0,2013.1,Top 3
"""Kicking Holders & Tees""",5.0,2013.1,Top 4
"""Michele Watches""",5.0,2013.1,Top 5
"""Tomato Knives""",5.0,2013.10,Top 1
"""Consumer Law""",5.0,2013.10,Top 2
"""Protein Drinks""",5.0,2013.10,Top 3
"""Medical Conditions & Diseases""",5.0,2013.10,Top 4
"""Radio Shows""",5.0,2013.10,Top 5
"""Social Media for Business""",5.0,2013.11,Top 1
"""Magnificats""",5.0,2013.11,Top 2
"""Crampon Accessories""",5.0,2013.11,Top 3
"""Skills & Techniques""",5.0,2013.11,Top 4
"""Polka""",5.0,2013.11,Top 5
"""Organizational Change""",5.0,2013.12,Top 1
"""Crop Science""",5.0,2013.12,Top 2
"""French Horn""",5.0,2013.12,Top 3
"""Omega Watches""",5.0,2013.12,Top 4
"""Heating & Cooling Equipment""",5.0,2013.12,Top 5
"""Consolidation & Merger""",5.0,2013.2,Top 1
"""Check Valves""",5.0,2013.2,Top 2
"""Sports & Entertainment""",5.0,2013.2,Top 3
"""Gyutou Knives""",5.0,2013.2,Top 4
"""Utensils""",5.0,2013.2,Top 5
"""Pet Loss""",5.0,2013.3,Top 1
"""Applique Patches""",5.0,2013.3,Top 2
"""Lymphatic""",5.0,2013.3,Top 3
"""Check Valves""",5.0,2013.3,Top 4
"""Cowbells""",5.0,2013.3,Top 5
"""Educators""",5.0,2013.4,Top 1
"""Oceanography""",5.0,2013.4,Top 2
"""Marine Biology""",5.0,2013.4,Top 3
"""Hydrology""",5.0,2013.4,Top 4
"""Air Travel""",5.0,2013.4,Top 5
"""Tetra Pond Food""",5.0,2013.5,Top 1
"""Multifunction Writing Instruments""",5.0,2013.5,Top 2
"""Bubble Wrap Dispensers""",5.0,2013.5,Top 3
"""Usuba & Nakiri Knives""",5.0,2013.5,Top 4
"""Bromelain""",5.0,2013.5,Top 5
"""Latin Christian""",5.0,2013.6,Top 1
"""TIG Welding Equipment""",5.0,2013.6,Top 2
"""Endangered Species""",5.0,2013.6,Top 3
"""Micronesia""",5.0,2013.6,Top 4
"""SLR Cameras""",5.0,2013.6,Top 5
"""Women & Business""",5.0,2013.7,Top 1
"""Metaphysical Phenomena""",5.0,2013.7,Top 2
"""Empty Fuel Bottles""",5.0,2013.7,Top 3
"""Dating & Relationships""",5.0,2013.7,Top 4
"""Playwriting""",5.0,2013.7,Top 5
"""Prehistory""",5.0,2013.8,Top 1
"""Feminine Powders""",5.0,2013.8,Top 2
"""Seasons""",5.0,2013.8,Top 3
"""Brake""",5.0,2013.8,Top 4
"""Bhagavad Gita""",5.0,2013.8,Top 5
"""Sermons""",5.0,2013.9,Top 1
"""Tetra Pond""",5.0,2013.9,Top 2
"""Prehistory""",5.0,2013.9,Top 3
"""Instrument Instruction""",5.0,2013.9,Top 4
"""Assessment""",5.0,2013.9,Top 5
"""Life""",5.0,2014.1,Top 1
"""Voices""",5.0,2014.1,Top 2
"""Downriggers""",5.0,2014.1,Top 3
"""Organizational Change""",5.0,2014.1,Top 4
"""Power Conditioners""",5.0,2014.1,Top 5
"""Neo-Soul""",5.0,2014.2,Top 1
"""Cajun & Creole""",5.0,2014.2,Top 2
"""HARVEYS""",5.0,2014.2,Top 3
"""Gears & Gearboxes""",5.0,2014.2,Top 4
"""Personal Injury""",5.0,2014.2,Top 5
"""Herbals""",5.0,2014.3,Top 1
"""Lice""",5.0,2014.3,Top 2
"""Musical""",5.0,2014.3,Top 3
"""Food Additives""",5.0,2014.3,Top 4
"""Texture Plates""",5.0,2014.3,Top 5
"""Pigs""",5.0,2014.4,Top 1
"""Celtic""",5.0,2014.4,Top 2
"""Ecology""",5.0,2014.4,Top 3
"""Wheat Flours & Meals""",5.0,2014.4,Top 4
"""Fossils""",5.0,2014.4,Top 5
"""Customer Service""",5.0,2014.5,Top 1
"""Snare Drums""",5.0,2014.5,Top 2
"""Nasal Aspirators""",5.0,2014.5,Top 3
"""Retro""",5.0,2014.5,Top 4
"""Trophy Mounts""",5.0,2014.5,Top 5
"""Heater""",5.0,2014.6,Top 1
"""Acids""",5.0,2014.6,Top 2
"""Breast Cancer""",5.0,2014.6,Top 3
"""A-Arms""",5.0,2014.6,Top 4
"""Playboy""",5.0,2014.6,Top 5
"""Arts, Film & Photography""",5.0,2014.7,Top 1
"""Latin Christian""",5.0,2014.7,Top 2
"""Spokes""",5.0,2014.7,Top 3
"""Felt Applique Kits""",5.0,2014.7,Top 4
"""Inclusive Education""",5.0,2014.7,Top 5